SO;DN;INV;Posting Date;Due Date;Customer;Qty;UOM;Territory;Sales Term;Grand Total
SO03850;DN03053;INV02094;2012-09-29;2012-10-13;Tek Sue Medan 1;500;Sak;Medan;S Terms TOP 14 Day;20500004.20
SO03849;DN03051;INV02092;2012-09-29;2012-09-28;Sinar Jaya Perbaungan 1;500;Sak;Serkibata;S Terms CBD;20000002.75
SO03848;DN03054;INV02095;2012-09-29;2012-09-28;Sejahterah Perdagangan 1;500;Sak;Serkibata;S Terms CBD;20000002.75
SO03847;DN03041;INV02083;2012-09-29;2012-09-28;Surbakti Berastagi 1;500;Sak;Binlangkar;S Terms CBD;21250000.85
SO03846;DN03046;INV02087;2012-09-29;2012-10-13;Klumpang Jaya Klumpang 1;500;Sak;Medan;S Terms TOP 14 Day;20250003.48
SO03845;DN03039;INV02081;2012-09-29;2012-09-28;Karunia Jaya Johor 1;500;Sak;Medan;S Terms CBD;20000002.75
SO03844;DN03040;INV02082;2012-09-29;2012-10-13;Usaha Baru Tanjung Morawa 1;500;Sak;Medan;S Terms TOP 14 Day;20375001.08
SO03843;DN03038;INV02080;2012-09-29;2012-10-13;Berkat Baru Helvetia Medan 1;500;Sak;Medan;S Terms TOP 14 Day;20125000.35
SO03842;DN03047;INV02088;2012-09-29;2012-09-28;Kencana Agung Johor 1;500;Sak;Medan;DO Terms;19750002.03
SO03841;DN03049;INV02090;2012-09-29;2012-09-28;Andi Jaya Patumbak 1;500;Sak;Medan;S Terms CBD;20000002.75
SO03840;DN03052;INV02093;2012-09-29;2012-09-28;Asia Maju Rantau 1;500;Sak;Rapakoba;S Terms CBD;21000000.13
SO03839;DN03055;INV02096;2012-09-29;2012-10-13;Berkat Usaha Tani Kp. Pajak 1;500;Sak;Rapakoba;S Terms TOP 14 Day;21000000.13
SO03838;DN03045;INV02086;2012-09-29;2012-10-13;Usaha Baru Damuli 1;500;Sak;Rapakoba;S Terms TOP 14 Day;20750004.93
SO03837;DN03037;INV02063;2012-09-29;2012-09-28;Fauzar Aek Loba 1;500;Sak;Rapakoba;S Terms CBD;20250003.48
SO03835;DN03042;INV02084;2012-09-29;2012-09-28;Tetap Jaya Kisaran 1;500;Sak;Serkibata;DO Terms;19750003.09
SO03834;DN03034;INV02060;2012-09-29;2012-09-28;Sinar Jaya T. Balai 1;500;Sak;Serkibata;S Terms CBD;20000000.48
SO03833;DN03035;INV02061-1;2012-09-29;2012-09-28;Bangun Sari Batu Bara 1;500;Sak;Serkibata;S Terms CBD;20000000.48
SO03830;DN03033;INV02059;2012-09-29;2012-09-28;Tunas Family T. Balai 1;500;Sak;Serkibata;S Terms CBD;20000000.48
SO03829;DN03036;INV02062;2012-09-29;2012-09-28;Naga Mas (Bintang Mas) Kisaran 1;500;Sak;Serkibata;S Terms CBD;20000000.49
SO03828;DN03050;INV02091;2012-09-29;2012-09-28;Asia Maju Rantau 1;500;Sak;Rapakoba;S Terms CBD;21000001.05
SO03824-1;DN03044;INV02085;2012-09-29;2012-10-24;Sukses Beton Medan 1;19820;Kg;Medan;S Terms TOP 25 Day;17639882.25
SO03804;DN03048;INV02089;2012-09-29;2012-09-28;Utama Bangunan Batubara 1;500;Sak;Serkibata;DO Terms;19750003.09
SO03827;DN03020;INV02067;2012-09-28;2012-09-27;Simalungun Traso Siantar 1;500;Sak;Sibatopasa;S Terms CBD;20000000.48
SO03826;DN03024;INV02071;2012-09-28;2012-09-27;Obor Siantar 1;500;Sak;Sibatopasa;S Terms CBD;20000000.48
SO03823;DN03023;INV02070;2012-09-28;2012-09-27;Sinar Jaya Binjai 1;500;Sak;Binlangkar;S Terms CBD;20250003.38
SO03822;DN03026;INV02073;2012-09-28;2012-09-27;Ikbal Jaya Martubung 1;500;Sak;Medan;S Terms CBD;20000000.48
SO03821;DN03028;INV02075;2012-09-28;2012-09-27;Permata Indah Patumbak 1;500;Sak;Medan;S Terms CBD;20000000.48
SO03820;DN03018;INV02049;2012-09-28;2012-10-12;Sigma Triple Block 1;500;Sak;Medan;S Terms TOP 14 Day;20125001.93
SO03819;DN03029;INV02076;2012-09-28;2012-10-12;Cahaya Mitra Abadi Marelan 1;500;Sak;Medan;S Terms TOP 14 Day;20150001.11
SO03818;DN03016;INV02045;2012-09-28;2012-10-12;Perdana Jaya Air Batu 1;500;Sak;Serkibata;S Terms TOP 14 Day;20125001.93
SO03817;DN03017;INV02046;2012-09-28;2012-09-27;Rezeki Makmur T . Balai 1;500;Sak;Serkibata;S Terms CBD;20000000.48
SO03816;DN03030;INV02077;2012-09-28;2012-09-27;Sumber Pembangunan Aeknabara 1;500;Sak;Rapakoba;S Terms CBD;21250003.95
SO03815;DN03032;INV02079;2012-09-28;2012-09-27;Romorajunt Medan 1;500;Sak;Medan;S Terms CBD;21500001.34
SO03814;DN03031;INV02078;2012-09-28;2012-09-27;Reyeni Aeknabara 1;500;Sak;Rapakoba;S Terms CBD;19250002.80
SO03813;DN03021;INV02068;2012-09-28;2012-10-12;Maja Agung Galang 1;500;Sak;Tatemlukam;S Terms TOP 14 Day;20375004.83
SO03812;DN03025;INV02072-1;2012-09-28;2012-10-12;Immanuel Batu Bara 1;500;Sak;Serkibata;S Terms TOP 14 Day;20125001.93
SO03811;DN03015;INV02044;2012-09-28;2012-09-27;Tetap Jaya Kisaran 1;500;Sak;Serkibata;DO Terms;19750003.09
SO03810;DN03019;INV02066;2012-09-28;2012-09-27;Utama Bangunan Batubara 1;500;Sak;Serkibata;DO Terms;19750003.09
SO03809;DN03022;INV02069;2012-09-28;2012-10-12;Putra Jaya Tebing 1;500;Sak;Serkibata;S Terms TOP 14 Day;20125001.93
SO03808;DN03027;INV02074;2012-09-28;2012-10-12;Nawera Simalungun 1;500;Sak;Serkibata;S Terms TOP 14 Day;20125001.93
SO03807;DN03013;INV02057;2012-09-28;2012-10-12;Usaha Baru Batangkuis 1;500;Sak;Medan;S Terms TOP 14 Day;20125001.93
SO03806;DN03014;INV02058;2012-09-28;2012-10-12;Agro Sukses Mandiri Batubara 1;500;Sak;Serkibata;S Terms TOP 14 Day;20125001.93
SO03805;DN03010;INV02054;2012-09-27;2012-10-11;Rudi Pancing 1;500;Sak;Medan;S Terms TOP 14 Day;20125035.00
SO03802;DN03012;INV02056;2012-09-27;2012-09-26;Cahaya Baru Merbau 1;500;Sak;Rapakoba;S Terms CBD;20750003.66
SO03800;DN03004;INV02047;2012-09-27;2012-09-26;Asbes Angsa Medan 1;500;Sak;Medan;S Terms CBD;20000000.48
SO03799;DN03008;INV02052;2012-09-27;2012-09-26;Kencana Agung Johor 1;500;Sak;Medan;DO Terms;19750003.09
SO03798;DN02991;INV02005;2012-09-27;2012-09-26;Makmur Jaya Serdang Bedagai 1;500;Sak;Serkibata;S Terms CBD;20000000.48
SO03797;DN02992;INV02006;2012-09-27;2012-10-11;Rimbun Jaya T. Tiram 1;500;Sak;Serkibata;S Terms TOP 14 Day;20125001.93
SO03796;DN02990;INV01992;2012-09-27;2012-10-11;Anugerah Jaya Tanjung Tiram 1;500;Sak;Serkibata;S Terms TOP 14 Day;20125001.93
SO03795;DN02989;INV01991;2012-09-27;2012-09-26;Martimbul Kisaran 1;500;Sak;Serkibata;S Terms CBD;20000000.48
SO03794;DN03009-1;INV02053;2012-09-27;2012-09-26;Utama Bangunan Batubara 1;500;Sak;Serkibata;DO Terms;19750003.09
SO03793;DN02987;INV01983;2012-09-27;2012-09-26;Saudara Jaya Kisaran 1;500;Sak;Serkibata;S Terms CBD;20000000.48
SO03792;DN03007;INV02051;2012-09-27;2012-09-26;Obor Siantar 1;500;Sak;Sibatopasa;S Terms CBD;20000000.48
SO03791;DN03011;INV02055;2012-09-27;2012-09-26;Nirma Samosir 1;300;Sak;Sibatopasa;S Terms CBD;11550001.68
SO03790;DN03005;INV02048;2012-09-27;2012-09-26;Nawera Simalungun 1;500;Sak;Serkibata;DO Terms;19750003.09
SO03789;DN02988;INV01984;2012-09-27;2012-09-26;Nawera Simalungun 1;500;Sak;Serkibata;DO Terms;19750003.09
SO03768;DN03006;INV02050;2012-09-27;2012-09-26;Pursida Siantar 1;500;Sak;Sibatopasa;S Terms CBD;19150000.54
SO03788;DN03001;INV02041;2012-09-26;2012-10-10;Berkat Usaha Tani Kp. Pajak 1;500;Sak;Rapakoba;S Terms TOP 14 Day;21000001.05
SO03787;DN02998;INV02038;2012-09-26;2012-09-25;Karunia Jaya Johor 1;500;Sak;Medan;S Terms CBD;20000000.48
SO03786;DN03000;INV02040;2012-09-26;2012-10-10;Berkat Usaha Tani Kp. Pajak 1;500;Sak;Rapakoba;S Terms TOP 14 Day;21000001.05
SO03784;DN02996;INV02036;2012-09-26;2012-10-10;Jasa Laut Tanjung Tiram 1;500;Sak;Serkibata;S Terms TOP 14 Day;20125001.93
SO03783;DN02997;INV02037;2012-09-26;2012-10-10;Abang Adek Pagurawan 1;500;Sak;Serkibata;S Terms TOP 14 Day;20125001.93
SO03777;DN02999;INV02039;2012-09-26;2012-09-25;Kencana Agung Johor 1;500;Sak;Medan;DO Terms;19750003.09
SO03775;DN03003;INV02043;2012-09-26;2012-09-25;Asia Maju Rantau 1;500;Sak;Rapakoba;S Terms CBD;21000001.05
SO03774;DN03002;INV02042;2012-09-26;2012-10-10;Usaha Baru Damuli 1;500;Sak;Rapakoba;S Terms TOP 14 Day;20750003.66
SO03773;DN02993;INV02033;2012-09-26;2012-09-25;Panen Raya Perdagangan 1;500;Sak;Serkibata;S Terms CBD;19100002.16
SO03761;DN02995;INV02035;2012-09-26;2012-09-25;Linsa Pangururan 1;450;Sak;Sibatopasa;S Terms CBD;17325002.52
SO03739;DN02994;INV02034;2012-09-26;2012-09-25;Asia Maju Rantau 1;500;Sak;Rapakoba;S Terms CBD;21000001.05
SO03785;DN02985;INV02031;2012-09-25;2012-09-24;Tetap Jaya Tebing 1;500;Sak;Serkibata;DO Terms;19750003.09
SO03782;DN02981;INV02027;2012-09-25;2012-09-24;Tetap Jaya Kisaran 1;500;Sak;Serkibata;DO Terms;19750003.09
SO03781;DN02984;INV02030;2012-09-25;2012-10-09;Maju Jaya Inalum 1;500;Sak;Serkibata;S Terms TOP 14 Day;20125001.93
SO03779;DN02983;INV02029;2012-09-25;2012-10-09;Klumpang Jaya Klumpang 1;500;Sak;Medan;S Terms TOP 14 Day;20250003.38
SO03778;DN02986;INV02032;2012-09-25;2012-10-09;Mandiri Jaya Marendal 1;500;Sak;Medan;S Terms TOP 14 Day;20125001.93
SO03776;DN02982;INV02028;2012-09-25;2012-09-24;Kencana Agung Johor 1;500;Sak;Medan;DO Terms;19750003.09
SO03772;DN02975;INV02021;2012-09-25;2012-09-24;SS Jaya Tanjung Anom 1;500;Sak;Medan;S Terms CBD;20000000.48
SO03771;DN02979;INV02025;2012-09-25;2012-10-09;Berkat Usaha Tani Kp. Pajak 1;500;Sak;Rapakoba;S Terms TOP 14 Day;21000001.05
SO03770;DN02979;INV02016;2012-09-25;2012-10-09;Berkat Usaha Tani Kp. Pajak 1;500;Sak;Rapakoba;S Terms TOP 14 Day;21000001.05
SO03769;DN02980;INV02026;2012-09-25;2012-09-24;Asia Maju Rantau 1;500;Sak;Rapakoba;S Terms CBD;21000001.05
SO03767;DN02976;INV02022;2012-09-25;2012-10-09;Fariz Dolok Batu Nanggar 1;500;Sak;Serkibata;S Terms TOP 14 Day;20125001.93
SO03766;DN02942;INV01963;2012-09-25;2012-09-24;Bima Maju Binjai 1;500;Sak;Binlangkar;S Terms CBD;20500000.76
SO03765;DN02972;INV02018;2012-09-25;2012-10-09;Sumber Ilham Medan 1;500;Sak;Medan;S Terms TOP 14 Day;20125001.93
SO03764;DN02971;INV02017;2012-09-25;2012-09-24;Harapan Jaya Alfalah 1;500;Sak;Medan;S Terms CBD;20000000.48
SO03763;DN02973;INV02019;2012-09-25;2012-09-24;Total Mandiri Medan 1;500;Sak;Medan;DO Terms;20000000.48
SO03762;DN02966;INV02012;2012-09-25;2012-09-24;Total Mandiri Medan 1;500;Sak;Medan;DO Terms;20000000.48
SO03760;DN02968;INV02014;2012-09-25;2012-09-24;Simalungun Traso Siantar 1;500;Sak;Sibatopasa;S Terms CBD;20000000.48
SO03759;DN02941;INV01962;2012-09-25;2012-09-24;TAS Siantar 1;500;Sak;Sibatopasa;S Terms CBD;20000000.48
SO03758;DN02974;INV02020;2012-09-25;2012-09-24;Naga Mas (Bintang Mas) Kisaran 1;500;Sak;Serkibata;S Terms CBD;20000000.48
SO03757;DN02977;INV02023;2012-09-25;2012-09-24;Utama Bangunan Batubara 1;500;Sak;Serkibata;DO Terms;19750003.09
SO03756;DN02965;INV02011;2012-09-25;2012-10-09;Indomas Kisaran 1;500;Sak;Serkibata;S Terms TOP 14 Day;20125001.93
SO03755;DN02967;INV02013;2012-09-25;2012-09-24;Sinar Jaya T. Balai 1;500;Sak;Serkibata;S Terms CBD;20000000.48
SO03754;DN02969;INV02015;2012-09-25;2012-09-24;Cahaya Baru Sei Bulu 1;500;Sak;Serkibata;S Terms CBD;20000000.48
SO03753;DN02964;INV02010;2012-09-25;2012-10-25;Adec Kabanjahe 1;173;Sak;Binlangkar;S Terms TOP 30 Day;6799701.36
SO03752;DN02963;INV02009;2012-09-25;2012-10-25;Adec Kabanjahe 1;172;Sak;Binlangkar;S Terms TOP 30 Day;6799701.34
SO03751-1;DN02962;INV02008;2012-09-25;2012-09-24;Panen Raya Perdagangan 1;500;Sak;Serkibata;S Terms CBD;19100002.16
SO03731;DN02961;INV02007;2012-09-25;2012-09-24;Nirma Samosir 1;300;Sak;Sibatopasa;S Terms CBD;11550001.68
SO03711;DN02978;INV02024;2012-09-25;2012-09-24;Utama Bangunan Batubara 1;500;Sak;Serkibata;DO Terms;19750003.09
SO03750;DN02948;INV01990;2012-09-24;2012-10-08;Maja Agung Galang 1;500;Sak;Tatemlukam;S Terms TOP 14 Day;20375004.83
SO03749;DN02957;INV02001;2012-09-24;2012-10-08;Cahaya Sinar Logam Lubuk Pakam 1;500;Sak;Medan;S Terms TOP 14 Day;20250003.38
SO03748-1;DN02951;INV01995;2012-09-24;2012-09-23;Kencana Agung Johor 1;500;Sak;Medan;DO Terms;19750003.09
SO03747;DN02946;INV01988;2012-09-24;2012-09-23;Kalijati Binjai 1;500;Sak;Binlangkar;S Terms CBD;20500000.76
SO03746;DN02960;INV02004;2012-09-24;2012-10-08;Berkat Grand Angrek 1;500;Sak;Medan;S Terms TOP 14 Day;20500000.76
SO03745;DN02953;INV01997;2012-09-24;2012-09-23;Subur Baru Medan 1;500;Sak;Medan;S Terms CBD;20000000.48
SO03744;DN02952;INV01996;2012-09-24;2012-10-08;Tarigan Jaya Namorambe 1;500;Sak;Medan;S Terms TOP 14 Day;20125001.93
SO03743;DN02949;INV01993;2012-09-24;2012-09-23;Serba Jadi Sunggal 1;500;Sak;Medan;S Terms CBD;20000000.48
SO03742;DN02939;INV01982;2012-09-24;2012-09-23;Serba Jadi Sunggal 1;500;Sak;Medan;S Terms CBD;20000000.48
SO03741;DN02954;INV01998;2012-09-24;2012-09-23;Permata Indah Patumbak 1;500;Sak;Medan;S Terms CBD;20000000.48
SO03740;DN02958;INV02002;2012-09-24;2012-10-08;Tamba Jaya Bagan Batu 1;500;Sak;Default;S Terms TOP 14 Day;22000001.63
SO03738;DN02959;INV02003;2012-09-24;2012-09-23;Asia Maju Rantau 1;500;Sak;Rapakoba;S Terms CBD;21000001.05
SO03737;DN02956;INV02000;2012-09-24;2012-09-23;Asia Maju Rantau 1;500;Sak;Rapakoba;S Terms CBD;21000001.05
SO03736;DN02944;INV01986;2012-09-24;2012-09-23;Martimbul Kisaran 1;500;Sak;Serkibata;S Terms CBD;20000000.48
SO03735;DN02955;INV01999;2012-09-24;2012-09-23;Utama Bangunan Batubara 1;500;Sak;Serkibata;DO Terms;19750003.09
SO03734;DN02936;INV01979;2012-09-24;2012-09-23;Rezeki Makmur T . Balai 1;500;Sak;Serkibata;S Terms CBD;20000000.48
SO03733;DN02947;INV01989;2012-09-24;2012-10-08;Merbau Siantar 1;500;Sak;Sibatopasa;S Terms TOP 14 Day;20125001.93
SO03732;DN02945;INV01987;2012-09-24;2012-09-23;Sabar Mulia Sei Bulu 1;500;Sak;Serkibata;S Terms CBD;20000000.48
SO03730;DN02937;INV01980;2012-09-24;2012-10-08;Antara Jaya Simpang Kawat 1;500;Sak;Serkibata;S Terms TOP 14 Day;20125001.93
SO03729;DN02950;INV01994;2012-09-24;2012-09-23;Setia Budi Tanjung Tiram 1;500;Sak;Serkibata;S Terms CBD;20000000.48
SO03728;DN02920;INV01914;2012-09-24;2012-10-08;Indomas Kisaran 1;500;Sak;Serkibata;S Terms TOP 14 Day;20125001.93
SO03727;DN02938;INV01981;2012-09-24;2012-10-08;Selama Indah T . Balai 1;500;Sak;Default;S Terms TOP 14 Day;20125001.93
SO03726;DN02943;INV01985;2012-09-24;2012-09-23;Asia Maju Rantau 1;500;Sak;Rapakoba;S Terms CBD;21000001.05
SO03723;DN02935;INV01978;2012-09-24;2012-09-23;Bahagia Jaya By pass 1;500;Sak;Medan;S Terms CBD;20000000.48
SO03719;DN02934;INV01977;2012-09-24;2012-09-23;Sumber Pembangunan Aeknabara 1;500;Sak;Rapakoba;S Terms CBD;21000001.05
SO03725;DN02927;INV01970;2012-09-22;2012-10-06;Mino Jaya Tanjung Tiram 1;500;Sak;Serkibata;S Terms TOP 14 Day;20125001.93
SO03724;DN02923;INV01966;2012-09-22;2012-09-21;Saudara Jaya Kisaran 1;500;Sak;Serkibata;S Terms CBD;20000000.48
SO03722;DN02925;INV01968;2012-09-22;2012-09-21;Bangunan Sejati Medan 1;500;Sak;Medan;S Terms CBD;20000000.48
SO03720;DN02921;INV01964;2012-09-22;2012-10-06;Berkat Grand Angrek 1;500;Sak;Medan;S Terms TOP 14 Day;20500000.76
SO03717;DN02930;INV01973;2012-09-22;2012-10-06;Sinar Jaya T. Balai 1;500;Sak;Serkibata;S Terms TOP 14 Day;21750004.24
SO03714;DN02929;INV01972;2012-09-22;2012-09-21;Tetap Jaya Kisaran 1;500;Sak;Serkibata;DO Terms;19750003.09
SO03713;DN02924;INV01967;2012-09-22;2012-10-06;Pelangi Mas Limapuluh 1;500;Sak;Serkibata;S Terms TOP 14 Day;20125001.93
SO03708;DN02922;INV01965;2012-09-22;2012-10-06;Indomas Kisaran 1;500;Sak;Serkibata;S Terms TOP 14 Day;20125001.93
SO03705;DN02931;INV01974;2012-09-22;2012-09-21;Linsa Pangururan 1;450;Sak;Sibatopasa;S Terms CBD;17325002.52
SO03696;DN02926;INV01969;2012-09-22;2012-09-21;Panen Raya Perdagangan 1;500;Sak;Serkibata;S Terms CBD;19100002.16
SO03656;DN02928;INV01971;2012-09-22;2012-09-21;Utama Bangunan Batubara 1;500;Sak;Serkibata;DO Terms;19500000.19
SO03441;DN02933;INV01976;2012-09-22;2012-10-06;Berkat Usaha Tani Kp. Pajak 1;500;Sak;Rapakoba;S Terms TOP 14 Day;21000001.05
SO03409;DN02932;INV01975;2012-09-22;2012-10-06;Berkat Usaha Tani Kp. Pajak 1;500;Sak;Rapakoba;S Terms TOP 14 Day;21000001.05
SO03721;DN02917;INV01959;2012-09-21;2012-09-20;Kencana Agung Johor 1;500;Sak;Medan;Cash;19750003.09
SO03718;DN02913;INV01956;2012-09-21;2012-10-05;Maju Jaya Linsum 1;500;Sak;Rapakoba;S Terms TOP 14 Day;20750003.66
SO03716;DN02912;INV01955;2012-09-21;2012-10-05;Usaha Baru Damuli 1;500;Sak;Rapakoba;S Terms TOP 14 Day;20750003.66
SO03715-1;DN02919;INV01961;2012-09-21;2012-09-20;Tunas Family T. Balai 1;500;Sak;Serkibata;Cash;20000000.48
SO03712;DN02916;INV01958;2012-09-21;2012-09-20;Naga Mas (Bintang Mas) Kisaran 1;500;Sak;Serkibata;S Terms CBD;20000000.48
SO03710;DN02918;INV01960;2012-09-21;2012-09-20;Sinar Jaya Perbaungan 1;500;Sak;Serkibata;Cash;20000000.48
SO03709;DN02915;INV01957;2012-09-21;2012-09-20;Simalungun Traso Siantar 1;500;Sak;Sibatopasa;Cash;20000000.48
SO03707;DN02909;INV01952;2012-09-21;2012-10-05;Setia Jaya Tembung 1;500;Sak;Tatemlukam;S Terms TOP 14 Day;20125001.93
SO03706;DN02904;INV01947;2012-09-21;2012-10-05;Indah Kisaran 1;500;Sak;Serkibata;S Terms TOP 14 Day;20125001.93
SO03703;DN02908;INV01951;2012-09-21;2012-10-05;Sinar Terang Aek Kanopan 1;500;Sak;Rapakoba;S Terms TOP 14 Day;20750003.66
SO03702;DN02906;INV01949;2012-09-21;2012-10-05;Laris Jaya Kota Pinang 1;500;Sak;Rapakoba;S Terms TOP 14 Day;21375005.40
SO03701;DN02905;INV01948;2012-09-21;2012-09-20;SS Jaya Tanjung Anom 1;500;Sak;Medan;Cash;20000000.48
SO03700;DN02902;INV01945;2012-09-21;2012-10-05;Indomas Kisaran 1;500;Sak;Serkibata;S Terms TOP 14 Day;20125001.93
SO03697;DN02903;INV01946;2012-09-21;2012-09-20;Bangun Sari Batu Bara 1;500;Sak;Serkibata;Cash;20000000.48
SO03695;DN02900;INV01943;2012-09-21;2012-10-21;Adec Kabanjahe 1;170;Sak;Binlangkar;S Terms TOP 30 Day;6809401.40
SO03694;DN02901;INV01944;2012-09-21;2012-10-21;Adec Kabanjahe 1;170;Sak;Binlangkar;S Terms TOP 30 Day;6790001.04
SO03693;DN02899;INV01942;2012-09-21;2012-10-21;Adec Kabanjahe 1;171;Sak;Binlangkar;S Terms TOP 30 Day;6809400.27
SO03692;DN02898;INV01941;2012-09-21;2012-10-21;Adec Kabanjahe 1;170;Sak;Binlangkar;S Terms TOP 30 Day;6780301.79
SO03691;DN02897;INV01940;2012-09-21;2012-09-20;Reyeni Aeknabara 1;500;Sak;Rapakoba;Cash;19250002.80
SO03690-1;DN02911;INV01954;2012-09-21;2012-10-05;Klumpang Jaya Klumpang 1;500;Sak;Medan;S Terms TOP 14 Day;20250003.38
SO03686;DN02910;INV01953;2012-09-21;2012-10-05;Mandiri Jaya Marendal 1;500;Sak;Medan;S Terms TOP 14 Day;20125001.93
SO03683;DN02907;INV01950;2012-09-21;2012-09-20;Asia Maju Rantau 1;500;Sak;Rapakoba;S Terms CBD;21000001.05
SO03704;DN02893;INV01938;2012-09-20;2012-09-19;Total Mandiri Medan 1;500;Sak;Medan;Cash;20000000.48
SO03699;DN02892;INV01937;2012-09-20;2012-09-19;Panen Raya Perdagangan 1;500;Sak;Serkibata;S Terms CBD;20000000.48
SO03698;DN02891;INV01936;2012-09-20;2012-09-19;Usaha Baru Sei Piring 1;500;Sak;Serkibata;Cash;20250003.38
SO03689;DN02885;INV01931;2012-09-20;2012-09-19;Hanjaya Patumbak 1;500;Sak;Medan;Cash;20000000.48
SO03688;DN02882;INV01928;2012-09-20;2012-10-04;Sunggal Block Medan 1;500;Sak;Medan;14 days credit;20250003.38
SO03687;DN02877;INV01923;2012-09-20;2012-09-19;Kpum Medan 1;500;Sak;Medan;Cash;20250003.38
SO03685;DN02890;INV01935;2012-09-20;2012-09-19;Karya Andalan Sejahtera Medan 1;500;Sak;Medan;Cash;21500001.34
SO03684;DN02876;INV01922;2012-09-20;2012-09-19;Kencana Agung Johor 1;500;Sak;Medan;Cash;19750003.09
SO03681;DN02875;INV01921;2012-09-20;2012-09-19;Susan Pilar Medan 1;500;Sak;Medan;S Terms CBD;20000000.48
SO03680-1;DN02881;INV01927;2012-09-20;2012-10-04;Sumber Baru Batang Kuis 1;500;Sak;Medan;S Terms TOP 14 Day;20125001.93
SO03679;DN02888;INV01933;2012-09-20;2012-10-04;Gambir Aek Kanopan 1;500;Sak;Rapakoba;S Terms TOP 14 Day;20750003.66
SO03678;DN02886-1;INV01939;2012-09-20;2012-10-04;Tani Jaya Sergai 1;500;Sak;Serkibata;S Terms TOP 14 Day;20125001.93
SO03677;DN02880;INV01926;2012-09-20;2012-09-19;Tetap Jaya Kisaran 1;500;Sak;Serkibata;Cash;19750003.09
SO03676;DN02887;INV01932;2012-09-20;2012-09-19;Tiga Saudara Tebing 1;500;Sak;Serkibata;Cash;19750003.09
SO03675;DN02889;INV01934;2012-09-20;2012-09-19;Tiga Saudara Tebing 1;500;Sak;Serkibata;Cash;19750003.09
SO03674;DN02884;INV01930;2012-09-20;2012-09-19;Naga Mas (Bintang Mas) Kisaran 1;500;Sak;Serkibata;S Terms CBD;20000000.48
SO03673;DN02874;INV01920;2012-09-20;2012-09-19;Martimbul Kisaran 1;500;Sak;Serkibata;Cash;20000000.48
SO03672;DN02878;INV01924;2012-09-20;2012-09-19;Pala Pintu Siantar 1;500;Sak;Sibatopasa;S Terms CBD;20000000.48
SO03671;DN02879;INV01925;2012-09-20;2012-09-19;Simalungun Traso Siantar 1;500;Sak;Sibatopasa;Cash;20000000.48
SO03670;DN02873;INV01919;2012-09-20;2012-10-04;Perdana Jaya Air Batu 1;500;Sak;Serkibata;S Terms TOP 14 Day;20125001.93
SO03667;DN02870;INV01916;2012-09-20;2012-10-04;Cahaya Baru Merbau 1/Berkat Usaha Tani;500;Sak;Rapakoba;S Terms TOP 14 Day;20875005.11
SO03659;DN02872;INV01918;2012-09-20;2012-09-19;Tiga Saudara Tebing 1;500;Sak;Serkibata;Cash;19750003.09
SO03654;DN02871;INV01917;2012-09-20;2012-09-19;Linsa Pangururan 1;450;Sak;Sibatopasa;Cash;17325002.52
SO03648;DN02869;INV01915;2012-09-20;2012-09-19;Sumber Pembangunan Aeknabara 1;500;Sak;Rapakoba;S Terms CBD;21250003.95
SO03647;DN02883;INV01929;2012-09-20;2012-09-19;Asia Maju Rantau 1;500;Sak;Rapakoba;S Terms CBD;21000001.05
SO03682;DN02868;INV01908;2012-09-19;2012-09-18;Karunia Jaya Johor 1;500;Sak;Medan;S Terms CBD;20000000.48
SO03669;DN02866;INV01906;2012-09-19;2012-09-18;Obor Siantar 1;500;Sak;Sibatopasa;S Terms CBD;20000000.48
SO03668;DN02864;INV01904;2012-09-19;2012-09-18;Obor Siantar 1;500;Sak;Sibatopasa;S Terms CBD;20000000.48
SO03666;DN02863;INV01903;2012-09-19;2012-10-03;Maju Jaya Inalum 1;500;Sak;Serkibata;S Terms TOP 14 Day;20125001.93
SO03665;DN02862;INV01902;2012-09-19;2012-09-18;Permata Indah Patumbak 1;500;Sak;Medan;Cash;20000000.48
SO03664;DN02854;INV01894;2012-09-19;2012-10-03;Mandiri Jaya Marendal 1;500;Sak;Medan;S Terms TOP 14 Day;20125001.93
SO03663;DN02861;INV01901;2012-09-19;2012-09-18;Yayasan Darul Ilmi Medan 1;500;Sak;Medan;Cash;20500000.76
SO03662;DN02860;INV01900;2012-09-19;2012-09-18;Nawera Simalungun 1;500;Sak;Serkibata;Cash;19750003.09
SO03661;DN02852;INV01892;2012-09-19;2012-09-18;Nawera Simalungun 1;500;Sak;Serkibata;Cash;19750003.09
SO03660;DN02858;INV01898;2012-09-19;2012-09-18;Tetap Jaya Kisaran 1;500;Sak;Serkibata;Cash;19750003.09
SO03658;DN02855;INV01895;2012-09-19;2012-09-18;Tiga Saudara Tebing 1;500;Sak;Serkibata;Cash;19750003.09
SO03657;DN02853;INV01893;2012-09-19;2012-09-18;Saudara Jaya Kisaran 1;500;Sak;Serkibata;S Terms CBD;20000000.48
SO03655;DN02857;INV01897;2012-09-19;2012-09-18;Naga Mas (Bintang Mas) Kisaran 1;500;Sak;Serkibata;Cash;20000000.48
SO03653;DN02845;INV01885;2012-09-19;2012-10-19;Adec Kabanjahe 1;170;Sak;Binlangkar;S Terms TOP 30 Day;6809401.40
SO03652;DN02846;INV01886;2012-09-19;2012-10-19;Adec Kabanjahe 1;171;Sak;Binlangkar;S Terms TOP 30 Day;6867600.59
SO03651;DN02847;INV01887;2012-09-19;2012-10-19;Adec Kabanjahe 1;168;Sak;Binlangkar;S Terms TOP 30 Day;6799700.32
SO03650;DN02867;INV01907;2012-09-19;2012-10-03;Karunia Jaya Bahagia 1;500;Sak;Medan;S Terms TOP 14 Day;20125001.93
SO03645;DN02859;INV01899;2012-09-19;2012-09-18;Naga Mas (Bintang Mas) Kisaran 1;500;Sak;Serkibata;Cash;20000000.48
SO03644;DN02844;INV01884;2012-09-19;2012-09-18;Panen Raya Perdagangan 1;500;Sak;Serkibata;S Terms CBD;19100002.16
SO03643;DN02850;INV01890;2012-09-19;2012-09-18;Tiga Saudara Tebing 1;500;Sak;Serkibata;Cash;19750003.09
SO03642;DN02848;INV01888;2012-09-19;2012-09-18;Tiga Saudara Tebing 1;500;Sak;Serkibata;Cash;19750003.09
SO03640;DN02849;INV01889;2012-09-19;2012-09-18;Pelita Serbelawan 1;500;Sak;Sibatopasa;Cash;20000000.48
SO03639;DN02851;INV01891;2012-09-19;2012-09-18;Dunia Co Kisaran 1;500;Sak;Serkibata;S Terms CBD;20000000.48
SO03604;DN02856;INV01896;2012-09-19;2012-10-03;Sumber Ilham Medan 1;500;Sak;Medan;S Terms TOP 14 Day;20125001.93
SO03603;DN02843;INV01883;2012-09-19;2012-09-18;Sumber Pembangunan Aeknabara 1;500;Sak;Rapakoba;S Terms CBD;21250003.95
SO03552;DN02865;INV01905;2012-09-19;2012-09-18;Utama Bangunan Batubara 1;500;Sak;Serkibata;Cash;19500000.19
SO03513-1;DN02842;INV01882;2012-09-19;2012-09-18;Nirma Samosir 1;300;Sak;Sibatopasa;Cash;11550001.68
SO03649;DN02837-1;INV01879;2012-09-18;2012-10-02;Anugerah Jaya Tanjung Tiram 1;500;Sak;Serkibata;S Terms TOP 14 Day;20125001.93
SO03646;DN02836-1;INV01878;2012-09-18;2012-09-14;Kencana Agung Johor 1;500;Sak;Medan;Cash;19750003.09
SO03641;DN02838-1;INV01880;2012-09-18;2012-09-17;Rezeki Makmur T . Balai 1;500;Sak;Serkibata;Cash;20000000.48
SO03638;DN02839-1;INV01881;2012-09-18;2012-09-17;Dunia Co Kisaran 1;500;Sak;Serkibata;S Terms CBD;20000000.48
SO03636;DN02833-1;INV01874;2012-09-18;2012-09-17;Cahaya Baru Sei Bulu 1;500;Sak;Serkibata;Cash;20000000.48
SO03635;DN02834-1;INV01875-1;2012-09-18;2012-10-02;Nawera Simalungun 1;500;Sak;Serkibata;S Terms TOP 14 Day;20125001.93
SO03633;DN02835-1;INV01877;2012-09-18;2012-10-02;Berkat Baru Helvetia Medan 1;500;Sak;Medan;S Terms TOP 14 Day;20125001.93
SO03629;DN02832-1;INV01873;2012-09-18;2012-10-02;Tio Jaya Mandiri Damuli 1;500;Sak;Rapakoba;S Terms TOP 14 Day;20750003.66
SO03613;DN02831-1;INV01872;2012-09-18;2012-09-17;Asia Maju Rantau 1;500;Sak;Rapakoba;S Terms CBD;21000001.05
SO03637;DN02830;INV01876;2012-09-17;2012-09-16;Sinar Jaya T. Balai 1;500;Sak;Serkibata;Cash;20000000.48
SO03634;DN02825;INV01867;2012-09-17;2012-10-01;Sabar Jaya Marendal 1;500;Sak;Medan;S Terms TOP 14 Day;20125001.93
SO03632;DN02826;INV01868;2012-09-17;2012-09-16;Ikbal Jaya Martubung 1;500;Sak;Medan;S Terms CBD;20000000.48
SO03631;DN02824;INV01866;2012-09-17;2012-10-01;Yoga Karunia Jaya Batangkuis 1;500;Sak;Medan;S Terms TOP 14 Day;20125001.93
SO03630;DN02823;INV01865;2012-09-17;2012-10-01;Rizkinta Tanjung Morawa 1;500;Sak;Medan;14 days credit;20125001.93
SO03628;DN02822;INV01864;2012-09-17;2012-09-16;Fauzar Aek Loba 1;500;Sak;Rapakoba;Cash;20250003.38
SO03627;DN02828;INV01870;2012-09-17;2012-10-01;Usaha Baru Damuli 1;500;Sak;Rapakoba;S Terms TOP 14 Day;20750003.66
SO03626;DN02829;INV01871;2012-09-17;2012-10-01;Reza Mas Bandar Tinggi 1;500;Sak;Serkibata;S Terms TOP 14 Day;20125001.93
SO03625;DN02819;INV01861;2012-09-17;2012-10-01;Indomas Kisaran 1;500;Sak;Serkibata;14 days credit;20125001.93
SO03624;DN02820;INV01862;2012-09-17;2012-09-16;Dunia Co Kisaran 1;500;Sak;Serkibata;S Terms CBD;20000000.48
SO03623;DN02821;INV01863;2012-09-17;2012-09-16;Sinar Family TJ Balai 1;500;Sak;Serkibata;S Terms CBD;20000000.48
SO03622;DN02818;INV01860;2012-09-17;2012-10-01;Rimbun Jaya T. Tiram 1;500;Sak;Serkibata;S Terms TOP 14 Day;20125001.93
SO03621;DN02815;INV01857;2012-09-17;2012-09-16;Martimbul Kisaran 1;500;Sak;Serkibata;Cash;20000000.48
SO03620;DN02814;INV01856;2012-09-17;2012-10-01;Antara Jaya Simpang Kawat 1;500;Sak;Serkibata;S Terms TOP 14 Day;20125001.93
SO03619;DN02816;INV01858;2012-09-17;2012-09-16;Tunas Family T. Balai 1;500;Sak;Serkibata;Cash;20000000.48
SO03615;DN02817;INV01859;2012-09-17;2012-09-16;Duta Property Group Medan 1;500;Sak;Medan;Cash;20250003.38
SO03565;DN02827;INV01869;2012-09-17;2012-10-01;Sahada Jaya Cikampak 1;500;Sak;Rapakoba;S Terms TOP 14 Day;21750004.24
SO03618;DN02810;INV01851;2012-09-15;2012-09-12;Kencana Agung Johor 1;500;Sak;Medan;Cash;19750003.09
SO03617;DN02808;INV01849;2012-09-15;2012-09-29;Mandiri Jaya Marendal 1;500;Sak;Medan;14 days credit;20125001.93
SO03616;DN02803;INV01844;2012-09-15;2012-09-12;Tetap Jaya Kisaran 1;500;Sak;Serkibata;Cash;19750003.09
SO03614;DN02809;INV01850;2012-09-15;2012-09-14;Prima Andalas Binjai 1;500;Sak;Binlangkar;S Terms CBD;20500000.76
SO03612;DN02806;INV01847;2012-09-15;2012-09-29;Berdikari Tanjung Balai 1;500;Sak;Serkibata;S Terms TOP 14 Day;20125001.93
SO03611;DN02805;INV01846;2012-09-15;2012-09-14;Sinar Jaya Perbaungan 1;500;Sak;Serkibata;Cash;20000000.48
SO03610;DN02804;INV01845;2012-09-15;2012-09-14;Simalungun Traso Siantar 1;500;Sak;Sibatopasa;Cash;20000000.48
SO03609;DN02813;INV01854;2012-09-15;2012-09-29;Maju Jaya Linsum 1;500;Sak;Rapakoba;S Terms TOP 14 Day;20750003.66
SO03608;DN02800;INV01841;2012-09-15;2012-09-14;Hanjaya Patumbak 1;500;Sak;Medan;Cash;20000000.48
SO03607;DN02796;INV01837;2012-09-15;2012-09-14;Lembah Melintang Denai 1;500;Sak;Medan;S Terms CBD;20000000.48
SO03606;DN02799;INV01840;2012-09-15;2012-09-29;Berkat Grand Angrek 1;500;Sak;Medan;S Terms TOP 14 Day;20500000.76
SO03605;DN02797;INV01838;2012-09-15;2012-09-29;Klumpang Jaya Klumpang 1;500;Sak;Medan;S Terms TOP 14 Day;20250003.38
SO03602;DN02812;INV01853;2012-09-15;2012-09-14;Asia Maju Rantau 1;500;Sak;Rapakoba;S Terms CBD;21000001.05
SO03601;DN02801;INV01842;2012-09-15;2012-09-29;Sumber Ilham Medan 1;500;Sak;Medan;S Terms TOP 14 Day;20125001.93
SO03600;DN02795;INV01836;2012-09-15;2012-09-14;Bangun Sari Batu Bara 1;500;Sak;Serkibata;Cash;20000000.48
SO03599;DN02793;INV01834;2012-09-15;2012-09-29;Abang Adek Pagurawan 1;500;Sak;Serkibata;S Terms TOP 14 Day;20125001.93
SO03597;DN02791;INV01832;2012-09-15;2012-09-14;Pursida Siantar 1;500;Sak;Sibatopasa;Cash;20000000.48
SO03596;DN02794;INV01835;2012-09-15;2012-09-14;Saudara Jaya Kisaran 1;500;Sak;Serkibata;S Terms CBD;20000000.48
SO03595;DN02811;INV01852;2012-09-15;2012-09-12;Tiga Saudara Tebing 1;500;Sak;Serkibata;Cash;19750003.09
SO03593;DN02807;INV01848;2012-09-15;2012-09-14;Tetap Jaya Tebing 1;500;Sak;Serkibata;Cash;19500000.19
SO03592;DN02798;INV01839;2012-09-15;2012-09-29;Sumber Ilham Medan 1;500;Sak;Medan;S Terms TOP 14 Day;20125001.93
SO03590;DN02792;INV01833;2012-09-15;2012-09-12;Tetap Jaya Kisaran 1;500;Sak;Serkibata;Cash;19750003.09
SO03578;DN02790;INV01831;2012-09-15;2012-09-29;Maju Jaya Linsum 1;500;Sak;Rapakoba;S Terms TOP 14 Day;20750003.66
SO03568;DN02802;INV01843;2012-09-15;2012-09-14;Karunia Jaya Johor 1;500;Sak;Medan;Cash;20000000.48
SO03598;DN02789;INV01830;2012-09-14;2012-09-13;Kencana Agung Johor 1;500;Sak;Medan;Cash;19750003.09
SO03594;DN02786;INV01827;2012-09-14;2012-09-28;Merbau Siantar 1;500;Sak;Sibatopasa;14 days credit;20125001.93
SO03591;DN02788;INV01829;2012-09-14;2012-09-28;Sigma Triple Block 1;500;Sak;Medan;S Terms TOP 14 Day;20125001.93
SO03589;DN02771;INV01812;2012-09-14;2012-09-13;Linsa Pangururan 1;450;Sak;Sibatopasa;Cash;17325002.52
SO03588-1;DN02895;INV01912-1;2012-09-14;2012-10-14;Adec Kabanjahe 1;168;Sak;Binlangkar;S Terms TOP 30 Day;6799700.32
SO03587-1;DN02896;INV01913-1;2012-09-14;2012-10-14;Adec Kabanjahe 1;173;Sak;Binlangkar;S Terms TOP 30 Day;6790000.71
SO03586-1;DN02894;INV01911-1;2012-09-14;2012-10-14;Adec Kabanjahe 1;171;Sak;Binlangkar;S Terms TOP 30 Day;6799700.52
SO03585-2;DN02841;INV01910-1;2012-09-14;2012-10-14;Adec Kabanjahe 1;174;Sak;Binlangkar;S Terms TOP 30 Day;6799700.92
SO03584-1;DN02840;INV01909-1;2012-09-14;2012-10-14;Adec Kabanjahe 1;174;Sak;Binlangkar;S Terms TOP 30 Day;6799700.92
SO03583;DN02763;INV01809;2012-09-14;2012-09-13;Bima Maju Binjai 1;500;Sak;Binlangkar;Cash;20500000.76
SO03582;DN02778;INV01819;2012-09-14;2012-09-28;Mandiri Jaya Marendal 1;500;Sak;Medan;S Terms TOP 14 Day;20125001.93
SO03581;DN02777;INV01818;2012-09-14;2012-09-13;Kencana Agung Johor 1;500;Sak;Medan;Cash;19750003.09
SO03580;DN02773;INV01814;2012-09-14;2012-09-28;Sumber Ilham Medan 1;500;Sak;Medan;S Terms TOP 14 Day;20125001.93
SO03577;DN02770;INV01811;2012-09-14;2012-09-28;Maryam Talawi 1;500;Sak;Serkibata;14 days credit;20125001.93
SO03576;DN02781;INV01822;2012-09-14;2012-09-13;Tiga Saudara Tebing 1;500;Sak;Serkibata;Cash;19750003.09
SO03575;DN02787;INV01828;2012-09-14;2012-09-13;Tiga Saudara Tebing 1;500;Sak;Serkibata;Cash;19750003.09
SO03574;DN02762;INV01808;2012-09-14;2012-09-13;Bangun Baru Perbaungan 1;500;Sak;Serkibata;Cash;20000000.48
SO03569;DN02775;INV01816;2012-09-14;2012-09-13;Subur Sunggal 1;500;Sak;Medan;Cash;20000000.48
SO03563;DN02772;INV01813;2012-09-14;2012-09-13;Ahuat Tanjung Leidong 1;500;Sak;Rapakoba;Cash;20250003.38
SO03562;DN02776;INV01817;2012-09-14;2012-09-13;Sumber Pembangunan Aeknabara 1;500;Sak;Rapakoba;Cash;21250003.95
SO03560;DN02774;INV01815;2012-09-14;2012-09-13;Obor Siantar 1;500;Sak;Sibatopasa;S Terms CBD;20000000.48
SO03559;DN02769;INV01810;2012-09-14;2012-09-13;Obor Siantar 1;500;Sak;Sibatopasa;Cash;20000000.48
SO03556;DN02779;INV01820;2012-09-14;2012-09-13;Tiga Saudara Tebing 1;500;Sak;Serkibata;Cash;19750003.09
SO03548;DN02761;INV01807;2012-09-14;2012-09-13;Asia Maju Rantau 1;500;Sak;Rapakoba;S Terms CBD;21000001.05
SO03546;DN02783;INV01824;2012-09-14;2012-09-13;Nanda Nindi Medan 1;500;Sak;Default;Cash;20000000.48
SO03540;DN02780;INV01821;2012-09-14;2012-09-13;Panen Raya Perdagangan 1;500;Sak;Serkibata;S Terms CBD;19100002.16
SO03539;DN02785;INV01826;2012-09-14;2012-09-13;Utama Bangunan Batubara 1;500;Sak;Serkibata;Cash;19500000.19
SO03538;DN02784;INV01825;2012-09-14;2012-09-13;Utama Bangunan Batubara 1;500;Sak;Serkibata;Cash;19500000.19
SO03521;DN02782;INV01823;2012-09-14;2012-09-13;Utama Bangunan Batubara 1;500;Sak;Serkibata;Cash;19500000.19
SO03579;DN02754;INV01801;2012-09-13;2012-09-27;Sinar Jaya T. Balai 1;500;Sak;Serkibata;14 days credit;21750004.24
SO03573;DN02755;INV01802;2012-09-13;2012-09-12;Nirma Samosir 1;300;Sak;Sibatopasa;Cash;11550001.68
SO03572;DN02758;INV01805;2012-09-13;2012-09-27;Usaha Baru Batangkuis 1;500;Sak;Medan;S Terms TOP 14 Day;20125001.93
SO03571;DN02752;INV01799;2012-09-13;2012-09-27;Cahaya Sinar Logam Lubuk Pakam 1;500;Sak;Medan;S Terms TOP 14 Day;20125001.93
SO03570;DN02751;INV01798;2012-09-13;2012-09-12;Kencana Agung Johor 1;500;Sak;Medan;Cash;19750003.09
SO03567;DN02759;INV01806;2012-09-13;2012-09-12;Asbes Angsa Medan 1;500;Sak;Medan;S Terms CBD;20000000.48
SO03566;DN02750;INV01797;2012-09-13;2012-09-12;Rudi Pancing 1;500;Sak;Medan;Cash;20000000.48
SO03561;DN02749;INV01796;2012-09-13;2012-09-12;Simalungun Traso Siantar 1;500;Sak;Sibatopasa;Cash;20000000.48
SO03558;DN02753;INV01800;2012-09-13;2012-09-27;Putra Jaya Tebing 1;500;Sak;Serkibata;14 days credit;20125001.93
SO03557;DN02743;INV01790;2012-09-13;2012-09-12;Tiga Saudara Tebing 1;500;Sak;Serkibata;Cash;19750003.09
SO03555;DN02747;INV01794;2012-09-13;2012-09-12;Tetap Jaya Kisaran 1;500;Sak;Serkibata;Cash;19750003.09
SO03554;DN02757;INV01804;2012-09-13;2012-09-27;Indomas Kisaran 1;500;Sak;Serkibata;14 days credit;20125001.93
SO03553;DN02756;INV01803;2012-09-13;2012-09-12;Naga Mas (Bintang Mas) Kisaran 1;500;Sak;Serkibata;Cash;20000000.48
SO03551;DN02744;INV01791;2012-09-13;2012-09-27;Fariz Dolok Batu Nanggar 1;500;Sak;Serkibata;S Terms TOP 14 Day;20125001.93
SO03535;DN02745;INV01792;2012-09-13;2012-09-27;Anugerah Jaya Tanjung Tiram 1;500;Sak;Serkibata;S Terms TOP 14 Day;20125001.93
SO03522;DN02746;INV01793;2012-09-13;2012-09-12;Obor Siantar 1;500;Sak;Sibatopasa;S Terms CBD;20000000.48
SO03520;DN02748;INV01795;2012-09-13;2012-09-12;Utama Bangunan Batubara 1;500;Sak;Serkibata;Cash;19500000.19
SO03508;DN02741;INV01788;2012-09-13;2012-09-12;Asia Maju Rantau 1;500;Sak;Rapakoba;Cash;21000001.05
SO03376;DN02742;INV01789;2012-09-13;2012-09-27;Tamba Jaya Bagan Batu 1;500;Sak;Default;14 days credit;22000001.63
SO03564;DN02740;INV01787;2012-09-12;2012-09-11;Ahuat Tanjung Leidong 1;500;Sak;Rapakoba;Cash;20250003.38
SO03550;DN02739;INV01786;2012-09-12;2012-09-26;Toko Somat Talawi 1;500;Sak;Serkibata;14 days credit;20125001.93
SO03547;DN02730;INV01777;2012-09-12;2012-09-11;Karunia Jaya Johor 1;500;Sak;Medan;Cash;20000000.48
SO03545;DN02738;INV01785;2012-09-12;2012-09-11;Permata Indah Patumbak 1;500;Sak;Medan;Cash;20000000.48
SO03544;DN02728;INV01775;2012-09-12;2012-09-11;Menara Station Medan 1;500;Sak;Medan;Cash;20250003.38
SO03543-1;DN02717;INV01764;2012-09-12;2012-09-26;Darmawan Sejahtera;500;Sak;Medan;14 days credit;20125001.93
SO03541;DN02725;INV01772;2012-09-12;2012-09-11;Cahaya Baru Sei Bulu 1;500;Sak;Serkibata;Cash;20000000.48
SO03537;DN02734;INV01781;2012-09-12;2012-09-26;Indomas Kisaran 1;500;Sak;Serkibata;14 days credit;20125001.93
SO03536;DN02733;INV01780;2012-09-12;2012-09-11;Naga Mas (Bintang Mas) Kisaran 1;500;Sak;Serkibata;S Terms CBD;20000000.48
SO03534;DN02721;INV01768;2012-09-12;2012-09-26;Mutiara Pantai Batubara 1;500;Sak;Serkibata;S Terms TOP 14 Day;20125001.93
SO03533;DN02737;INV01784;2012-09-12;2012-09-11;Rezeki Makmur T . Balai 1;500;Sak;Serkibata;Cash;20000000.48
SO03532;DN02723;INV01770;2012-09-12;2012-09-26;Perdana Jaya Air Batu 1;500;Sak;Serkibata;S Terms TOP 14 Day;20125001.93
SO03530;DN02736;INV01783;2012-09-12;2012-09-11;Serba Jadi Sunggal 1;500;Sak;Medan;Cash;20000000.48
SO03529;DN02729;INV01776;2012-09-12;2012-09-11;Bahagia Jaya By pass 1;500;Sak;Medan;Cash;20000000.48
SO03519;DN02718;INV01765;2012-09-12;2012-09-26;Jasa Laut Tanjung Tiram 1;500;Sak;Serkibata;S Terms TOP 14 Day;20125001.93
SO03515;DN02722;INV01769;2012-09-12;2012-09-11;Naga Mas (Bintang Mas) Kisaran 1;500;Sak;Serkibata;Cash;20000000.48
SO03509;DN02720;INV01767;2012-09-12;2012-09-11;Panen Raya Perdagangan 1;500;Sak;Serkibata;S Terms CBD;19100002.16
SO03504;DN02735;INV01782;2012-09-12;2012-09-26;Sumber Ilham Medan 1;500;Sak;Medan;14 days credit;20125001.93
SO03500;DN02726;INV01773;2012-09-12;2012-09-26;Karya Vika Jaya Namorambe 1;500;Sak;Medan;S Terms TOP 14 Day;20125001.93
SO03499;DN02731;INV01778;2012-09-12;2012-09-11;Obor Siantar 1;500;Sak;Sibatopasa;S Terms CBD;20000000.48
SO03498;DN02732;INV01779;2012-09-12;2012-09-11;US Siantar 1;500;Sak;Sibatopasa;Cash;20000000.48
SO03494;DN02724;INV01771;2012-09-12;2012-09-11;Utama Bangunan Batubara 1;500;Sak;Serkibata;Cash;19500000.19
SO03490;DN02719;INV01766;2012-09-12;2012-09-26;Maju Jaya Inalum 1;500;Sak;Serkibata;14 days credit;20125001.93
SO03292;DN02727;INV01774;2012-09-12;2012-09-11;Sumber Pembangunan Aeknabara 1;500;Sak;Rapakoba;Cash;21250003.95
SO03549;DN02711;INV01760;2012-09-11;2012-09-10;Cahaya Baru Merbau 1;500;Sak;Rapakoba;S Terms CBD;20750003.66
SO03542;DN02709;INV01758;2012-09-11;2012-09-10;Tiga Saudara Tebing 1;500;Sak;Serkibata;Cash;19750003.09
SO03531;DN02700;INV01749;2012-09-11;2012-09-10;Linsa Pangururan 1;450;Sak;Sibatopasa;Cash;17325002.52
SO03528;DN02708;INV01757;2012-09-11;2012-09-10;Subur Baru Medan 1;500;Sak;Medan;Cash;20000000.48
SO03527;DN02703;INV01752;2012-09-11;2012-09-10;Asbes Angsa Medan 1;500;Sak;Medan;Cash;20000000.48
SO03526;DN02707;INV01756;2012-09-11;2012-09-10;Kencana Agung Johor 1;500;Sak;Medan;S Terms CBD;20000000.48
SO03525;DN02695;INV01744;2012-09-11;2012-09-10;Kencana Agung Johor 1;500;Sak;Medan;S Terms CBD;20000000.48
SO03523;DN02706;INV01755;2012-09-11;2012-09-10;Susan Pilar Medan 1;500;Sak;Medan;Cash;20000000.48
SO03518;DN02704;INV01753;2012-09-11;2012-09-25;Indomas Kisaran 1;500;Sak;Serkibata;14 days credit;20125001.93
SO03517;DN02714;INV01763;2012-09-11;2012-09-10;Tetap Jaya Kisaran 1;500;Sak;Serkibata;Cash;20000000.48
SO03516;DN02697;INV01746;2012-09-11;2012-09-10;Sinar Jaya T. Balai 1;500;Sak;Serkibata;Cash;20000000.48
SO03514;DN02691;INV01740;2012-09-11;2012-09-10;Naga Mas (Bintang Mas) Kisaran 1;500;Sak;Serkibata;Cash;20000000.48
SO03512;DN02699;INV01748;2012-09-11;2012-09-10;Saudara Jaya Kisaran 1;500;Sak;Serkibata;Cash;20000000.48
SO03497;DN02712;INV01761;2012-09-11;2012-09-10;US Siantar 1;500;Sak;Sibatopasa;Cash;20000000.48
SO03496;DN02696;INV01745;2012-09-11;2012-09-25;Naspa Talawi 1;500;Sak;Default;S Terms TOP 14 Day;20125001.93
SO03495;DN02698;INV01747;2012-09-11;2012-09-25;Indomas Kisaran 1;500;Sak;Serkibata;14 days credit;20125001.93
SO03493;DN02690;INV01739;2012-09-11;2012-09-10;Rezeki Makmur T . Balai 1;500;Sak;Serkibata;Cash;20000000.48
SO03491;DN02701;INV01750;2012-09-11;2012-09-10;Sinar Jaya Perbaungan 1;500;Sak;Serkibata;Cash;20000000.48
SO03481;DN02705;INV01754;2012-09-11;2012-09-10;Utama Bangunan Batubara 1;500;Sak;Serkibata;Cash;19500000.19
SO03479;DN02702;INV01751;2012-09-11;2012-09-10;Simalungun Traso Siantar 1;500;Sak;Sibatopasa;Cash;20000000.48
SO03476;DN02713;INV01762;2012-09-11;2012-09-10;Obor Siantar 1;500;Sak;Sibatopasa;Cash;20000000.48
SO03475;DN02694;INV01743;2012-09-11;2012-09-10;Obor Siantar 1;500;Sak;Sibatopasa;Cash;20000000.48
SO03458;DN02693;INV01742;2012-09-11;2012-09-10;Pala Pintu Siantar 1;500;Sak;Sibatopasa;Cash;20000000.48
SO03440;DN02689;INV01738;2012-09-11;2012-09-10;Asia Maju Rantau 1;500;Sak;Rapakoba;S Terms CBD;21000001.05
SO03426;DN02692;INV01741;2012-09-11;2012-09-10;TAS Siantar 1;500;Sak;Sibatopasa;Cash;20000000.48
SO03410;DN02710;INV01759;2012-09-11;2012-09-10;Ahuat Tanjung Leidong 1;500;Sak;Rapakoba;Cash;20250003.38
SO03524;DN02683;INV01732;2012-09-10;2012-09-09;Kencana Agung Johor 1;500;Sak;Medan;S Terms CBD;20000000.48
SO03511;DN02684;INV01733;2012-09-10;2012-09-24;Antara Jaya Simpang Kawat 1;500;Sak;Serkibata;14 days credit;20125001.93
SO03510;DN02674;INV01723;2012-09-10;2012-09-09;Panen Raya Perdagangan 1;500;Sak;Serkibata;S Terms CBD;19100002.16
SO03507;DN02686;INV01735;2012-09-10;2012-09-24;Usaha Baru Damuli 1;500;Sak;Rapakoba;14 days credit;20750003.66
SO03506;DN02673;INV01722;2012-09-10;2012-09-09;Romorajunt Medan 1;500;Sak;Medan;Cash;21500001.34
SO03505;DN02669;INV01718;2012-09-10;2012-09-09;Anugrah Mandiri Medan 1;500;Sak;Medan;Cash;20500000.76
SO03503;DN02675;INV01724;2012-09-10;2012-09-24;Sumber Ilham Medan 1;500;Sak;Medan;S Terms TOP 14 Day;20125001.93
SO03502;DN02677;INV01726;2012-09-10;2012-09-09;SS Jaya Tanjung Anom 1;500;Sak;Medan;Cash;20000000.48
SO03501;DN02671;INV01720;2012-09-10;2012-09-09;Hanjaya Patumbak 1;500;Sak;Medan;Cash;20000000.48
SO03492;DN02688;INV01737;2012-09-10;2012-09-09;Martimbul Kisaran 1;500;Sak;Serkibata;Cash;20000000.48
SO03486;DN02687;INV01736;2012-09-10;2012-09-24;Maryam Talawi 1;500;Sak;Serkibata;14 days credit;20125001.93
SO03482;DN02685;INV01734;2012-09-10;2012-09-09;Sabar Mulia Sei Bulu 1;500;Sak;Serkibata;Cash;20000000.48
SO03480;DN02678;INV01727;2012-09-10;2012-09-09;Utama Bangunan Batubara 1;500;Sak;Serkibata;Cash;19500000.19
SO03478;DN02681;INV01730;2012-09-10;2012-09-09;US Siantar 1;500;Sak;Sibatopasa;Cash;20000000.48
SO03477;DN02680;INV01729;2012-09-10;2012-09-09;US Siantar 1;500;Sak;Sibatopasa;Cash;20000000.48
SO03474;DN02668;INV01717;2012-09-10;2012-09-24;Klumpang Jaya Klumpang 1;500;Sak;Medan;14 days credit;20250003.38
SO03472;DN02676;INV01725;2012-09-10;2012-09-09;Serba Jadi Sunggal 1;500;Sak;Medan;Cash;20000000.48
SO03450;DN02670;INV01719;2012-09-10;2012-09-24;Rimbun Jaya T. Tiram 1;500;Sak;Serkibata;14 days credit;20125001.93
SO03444-1;DN02666;INV01715;2012-09-10;2012-09-09;Utama Bangunan Batubara 1;500;Sak;Serkibata;Cash;20000000.48
SO03443;DN02679;INV01728;2012-09-10;2012-09-09;Utama Bangunan Batubara 1;500;Sak;Serkibata;Cash;19500000.19
SO03439;DN02664;INV01713;2012-09-10;2012-09-24;Sumatra Cikampak 1;500;Sak;Rapakoba;S Terms TOP 14 Day;21650001.98
SO03428;DN02667;INV01716;2012-09-10;2012-09-24;Immanuel Batu Bara 1;500;Sak;Serkibata;14 days credit;20125001.93
SO03408;DN02672;INV01721;2012-09-10;2012-09-09;Asia Maju Rantau 1;500;Sak;Rapakoba;S Terms CBD;21000001.05
SO03406;DN02665;INV01714;2012-09-10;2012-09-09;Sumber Pembangunan Aeknabara 1;500;Sak;Rapakoba;Cash;21250003.95
SO03388;DN02682;INV01731;2012-09-10;2012-09-09;Tiga Saudara Tebing 1;500;Sak;Serkibata;Cash;19750003.09
SO03489;DN02661;INV01711;2012-09-08;2012-09-22;Berkat Grand Angrek 1;500;Sak;Medan;S Terms TOP 14 Day;20500000.76
SO03487;DN02646;INV01696;2012-09-08;2012-09-07;Sinar Jaya T. Balai 1;500;Sak;Serkibata;Cash;20000000.48
SO03485;DN02652;INV01702;2012-09-08;2012-09-22;Indomas Kisaran 1;500;Sak;Serkibata;14 days credit;20125001.93
SO03484;DN02647;INV01697;2012-09-08;2012-09-07;Saudara Jaya Kisaran 1;500;Sak;Serkibata;Cash;20000000.48
SO03483;DN02659;INV01709;2012-09-08;2012-08-03;Tetap Jaya Tebing 1;500;Sak;Serkibata;Cash;19500000.19
SO03473;DN02660;INV01710;2012-09-08;2012-09-22;Mandiri Jaya Marendal 1;500;Sak;Medan;14 days credit;20125001.93
SO03468;DN02651;INV01701;2012-09-08;2012-07-16;Total Mandiri Medan 1;500;Sak;Medan;Cash;19900003.73
SO03466;DN02645;INV01695;2012-09-08;2012-09-07;Sejati Binjai 1;500;Sak;Binlangkar;S Terms CBD;20500000.76
SO03463;DN02658;INV01708;2012-09-08;2012-09-07;Yayasan Darul Ilmi Medan 1;500;Sak;Medan;Cash;20250003.38
SO03461;DN02649;INV01699;2012-09-08;2012-09-07;Karunia Jaya Johor 1;500;Sak;Medan;Cash;20000000.48
SO03457;DN02654;INV01704;2012-09-08;2012-09-07;US Siantar 1;500;Sak;Sibatopasa;Cash;20000000.48
SO03455;DN02657;INV01707;2012-09-08;2012-09-07;Obor Siantar 1;500;Sak;Sibatopasa;Cash;20000000.48
SO03454;DN02643;INV01693;2012-09-08;2012-09-07;Obor Siantar 1;500;Sak;Sibatopasa;Cash;20000000.48
SO03452;DN02653;INV01703;2012-09-08;2012-09-22;Nawera Simalungun 1;500;Sak;Serkibata;S Terms TOP 14 Day;20125001.93
SO03449;DN02648;INV01698;2012-09-08;2012-09-22;Indomas Kisaran 1;500;Sak;Serkibata;14 days credit;20125001.93
SO03447;DN02644;INV01694;2012-09-08;2012-09-07;Tetap Jaya Kisaran 1;500;Sak;Serkibata;Cash;20000000.48
SO03446;DN02650;INV01700;2012-09-08;2012-09-07;Dunia Co Kisaran 1;500;Sak;Serkibata;Cash;20000000.48
SO03442;DN02655;INV01705;2012-09-08;2012-09-07;Utama Bangunan Batubara 1;500;Sak;Serkibata;Cash;19500000.19
SO03430;DN02656;INV01706;2012-09-08;2012-09-07;Serba Jadi Sunggal 1;500;Sak;Medan;Cash;20000000.48
SO03407;DN02662;INV01712;2012-09-08;2012-09-07;Asia Maju Rantau 1;500;Sak;Rapakoba;S Terms CBD;21000001.05
SO03379;DN02642;INV01692-1;2012-09-08;2012-09-22;Berkat Usaha Tani Kp. Pajak 1;500;Sak;Rapakoba;S Terms TOP 14 Day;21000001.05
SO03488;DN02636;INV01686;2012-09-07;2012-09-06;Panen Raya Perdagangan 1;500;Sak;Serkibata;Cash;19100002.16
SO03471;DN02626;INV01677;2012-09-07;2012-10-07;Adec Kabanjahe 1;172;Sak;Binlangkar;S Terms TOP 30 Day;6799701.34
SO03470;DN02627;INV01678;2012-09-07;2012-10-07;Adec Kabanjahe 1;173;Sak;Binlangkar;S Terms TOP 30 Day;6790000.71
SO03469;DN02628;INV01679;2012-09-07;2012-10-07;Adec Kabanjahe 1;171;Sak;Binlangkar;S Terms TOP 30 Day;6799700.52
SO03464;DN02631;INV01682;2012-09-07;2012-09-06;Ikbal Jaya Martubung 1;500;Sak;Medan;S Terms CBD;20000000.48
SO03460;DN02637;INV01687;2012-09-07;2012-09-06;Bangunan Sejati Medan 1;500;Sak;Medan;Cash;20000000.48
SO03459;DN02638;INV01688;2012-09-07;2012-09-06;Harapan Jaya Alfalah 1;500;Sak;Medan;Cash;20000000.48
SO03456;DN02635;INV01685;2012-09-07;2012-09-06;US Siantar 1;500;Sak;Sibatopasa;Cash;20000000.48
SO03453;DN02641;INV01691;2012-09-07;2012-09-06;Pursida Siantar 1;500;Sak;Sibatopasa;Cash;20000000.48
SO03451;DN02620;INV01671;2012-09-07;2012-09-06;Bangun Sari Batu Bara 1;500;Sak;Serkibata;Cash;20000000.48
SO03448;DN02621;INV01672;2012-09-07;2012-09-21;Maryam Talawi 1;500;Sak;Serkibata;14 days credit;20125001.93
SO03445;DN02623;INV01674;2012-09-07;2012-09-06;Dunia Co Kisaran 1;500;Sak;Serkibata;Cash;20000000.48
SO03438;DN02618;INV01669;2012-09-07;2012-09-06;Karya Andalan Sejahtera Medan 1;500;Sak;Medan;Cash;21500001.34
SO03431;DN02634;INV01684;2012-09-07;2012-09-21;Rizkinta Tanjung Morawa 1;500;Sak;Medan;S Terms TOP 14 Day;20125001.93
SO03427;DN02624;INV01675;2012-09-07;2012-09-06;Simalungun Traso Siantar 1;500;Sak;Sibatopasa;Cash;20000000.48
SO03425;DN02640;INV01690;2012-09-07;2012-09-06;Mitra Perkasa Simalungun 1;500;Sak;Sibatopasa;S Terms CBD;20750003.66
SO03424;DN02629;INV01680;2012-09-07;2012-09-21;Indomas Kisaran 1;500;Sak;Serkibata;14 days credit;20125001.93
SO03423;DN02625;INV01676;2012-09-07;2012-09-21;Agro Sukses Mandiri Batubara 1;500;Sak;Serkibata;S Terms TOP 14 Day;20125001.93
SO03422;DN02622;INV01673;2012-09-07;2012-09-06;Cahaya Baru Sei Bulu 1;500;Sak;Serkibata;Cash;20000000.48
SO03421;DN02630;INV01681;2012-09-07;2012-09-06;Utama Bangunan Batubara 1;500;Sak;Serkibata;Cash;19500000.19
SO03416-1;DN02633;INV01683;2012-09-07;2012-09-06;Damanix Multi Karya Medan 1;500;Sak;Medan;Cash;20250003.38
SO03378;DN02639;INV01689;2012-09-07;2012-09-06;Asia Maju Rantau 1;500;Sak;Rapakoba;S Terms CBD;21000001.05
SO03370;DN02619;INV01670;2012-09-07;2012-09-06;Asia Maju Rantau 1;500;Sak;Rapakoba;S Terms CBD;21000001.05
SO03467;DN02615;INV01665;2012-09-06;2012-09-05;Setia Budi Tanjung Tiram 1;500;Sak;Serkibata;Cash;20000000.48
SO03465;DN02616;INV01666;2012-09-06;2012-09-05;Kalijati Binjai 1;500;Sak;Binlangkar;S Terms CBD;20500000.76
SO03462;DN02614;INV01664;2012-09-06;2012-09-05;Usaha Makmur Laut dendang1;500;Sak;Medan;S Terms CBD;20000000.48
SO03437;DN02603;INV01653;2012-09-06;2012-09-05;Reyeni Aeknabara 1;500;Sak;Rapakoba;Cash;19250002.80
SO03435;DN02610;INV01660;2012-09-06;2012-09-05;Saudara Jaya Kisaran 1;500;Sak;Serkibata;Cash;20000000.48
SO03434;DN02600;INV01650-1;2012-09-06;2012-09-20;Usaha Baru Damuli 1;500;Sak;Rapakoba;14 days credit;20750003.66
SO03433;DN02604;INV01654;2012-09-06;2012-09-20;Tarigan Jaya Namorambe 1;500;Sak;Medan;S Terms TOP 14 Day;20125001.93
SO03432;DN02609;INV01659;2012-09-06;2012-09-05;Subur Sunggal 1;500;Sak;Medan;Cash;20000000.48
SO03429;DN02613;INV01663;2012-09-06;2012-09-05;Serba Jadi Sunggal 1;500;Sak;Medan;Cash;20000000.48
SO03420;DN02606;INV01656;2012-09-06;2012-09-05;Utama Bangunan Batubara 1;500;Sak;Serkibata;Cash;19500000.19
SO03419;DN02607;INV01657;2012-09-06;2012-09-20;Anugerah Jaya Tanjung Tiram 1;500;Sak;Serkibata;14 days credit;20125001.93
SO03418;DN02602;INV01652;2012-09-06;2012-09-20;Antara Jaya Simpang Kawat 1;500;Sak;Serkibata;14 days credit;20125001.93
SO03417;DN02617;INV01667;2012-09-06;2012-09-05;Panen Raya Perdagangan 1;500;Sak;Serkibata;Cash;19100002.16
SO03413;DN02608;INV01658;2012-09-06;2012-09-20;Sumber Baru Batang Kuis 1;500;Sak;Medan;S Terms TOP 14 Day;20125001.93
SO03412;DN02611;INV01661;2012-09-06;2012-07-16;Total Mandiri Medan 1;500;Sak;Medan;Cash;19900003.73
SO03402;DN02605;INV01655;2012-09-06;2012-09-05;Dunia Co Kisaran 1;500;Sak;Serkibata;Cash;20000000.48
SO03396;DN02601;INV01651;2012-09-06;2012-09-05;Sinar Jaya Perbaungan 1;500;Sak;Serkibata;Cash;20000000.48
SO03382;DN02612;INV01662;2012-09-06;2012-09-20;Klumpang Jaya Klumpang 1;500;Sak;Medan;S Terms TOP 14 Day;20250003.38
SO03436;DN02598;INV01648;2012-09-05;2012-09-04;Kencana Agung Johor 1;500;Sak;Medan;S Terms CBD;20000000.48
SO03415;DN02591;INV01641;2012-09-05;2012-09-04;Andi Jaya Patumbak 1;500;Sak;Medan;Cash;20000000.48
SO03414;DN02594;INV01644;2012-09-05;2012-09-04;SS Jaya Tanjung Anom 1;500;Sak;Medan;Cash;20000000.48
SO03411;DN02592;INV01642;2012-09-05;2012-09-04;Tri V Jaya Tanjung Morawa 1;500;Sak;Medan;Cash;20000000.48
SO03405;DN02595;INV01645;2012-09-05;2012-09-04;Nirma Samosir 1;500;Sak;Sibatopasa;Cash;19250002.80
SO03403;DN02597;INV01647;2012-09-05;2012-09-19;Indomas Kisaran 1;500;Sak;Serkibata;14 days credit;20125001.93
SO03397;DN02599;INV01649;2012-09-05;2012-08-03;Tetap Jaya Tebing 1;500;Sak;Serkibata;Cash;19500000.19
SO03394;DN02593;INV01643;2012-09-05;2012-09-19;Mandiri Jaya Marendal 1;500;Sak;Medan;14 days credit;20125001.93
SO03337;DN02596;INV01646;2012-09-05;2012-09-04;Surbakti Berastagi 1;500;Sak;Binlangkar;S Terms CBD;21000001.05
SO03404;DN02588;INV01637;2012-09-01;2012-08-31;Tiga Saudara Tebing 1;500;Sak;Serkibata;Cash;19750003.09
SO03401;DN02589;INV01638;2012-09-01;2012-08-31;Dunia Co Kisaran 1;500;Sak;Serkibata;Cash;20000000.48
SO03395;DN02582;INV01631;2012-09-01;2012-08-31;Prima Andalas Binjai 1;500;Sak;Binlangkar;Cash;20250003.38
SO03393;DN02586;INV01635;2012-09-01;2012-08-31;Subur Baru Medan 1;500;Sak;Medan;S Terms CBD;20000000.48
SO03391;DN02590;INV01639;2012-09-01;2012-08-31;Permata Indah Patumbak 1;500;Sak;Medan;Cash;20000000.48
SO03390;DN02581;INV01630;2012-09-01;2012-08-31;Obor Siantar 1;500;Sak;Sibatopasa;Cash;20000000.48
SO03385;DN02585;INV01634;2012-09-01;2012-08-31;Andre Simalungun 1;500;Sak;Serkibata;Cash;20000000.48
SO03383;DN02584;INV01633;2012-09-01;2012-08-31;Jaya Lestari Deli Tua 1;500;Sak;Medan;Cash;20000000.48
SO03380;DN02583;INV01632;2012-09-01;2012-08-31;Ahuat Tanjung Leidong 1;500;Sak;Rapakoba;Cash;20250003.38
SO03377;DN02579;INV01628;2012-09-01;2012-08-31;Reyeni Aeknabara 1;500;Sak;Rapakoba;Cash;19000005.41
SO03364;DN02587;INV01636;2012-09-01;2012-08-31;Permata Indah Patumbak 1;500;Sak;Medan;Cash;20000000.48
SO03360;DN02580;INV01629;2012-09-01;2012-08-31;Obor Siantar 1;500;Sak;Sibatopasa;Cash;20000000.48
SO03350;DN02578;INV01640;2012-09-01;2012-09-15;Berkat Usaha Tani Kp. Pajak 1;500;Sak;Rapakoba;S Terms TOP 14 Day;21000001.05
